Comment,Designator,Footprint,LCSC,Quantity
10k,R2,R_0805_2012Metric,,1
10k,R4,R_0805_2012Metric,,1
ATtiny85-20S,U2,SOIC-8_5.3x5.3mm_P1.27mm,,1
Conn_01x04_Socket,J10,JST_PH_S4B-PH-K_1x04_P2.00mm_Horizontal,,1
10k,R6,R_0805_2012Metric,,1
10k,R8,R_0805_2012Metric,,1
SW_Push,SW1,SW_Push_1P1T_NO_CK_KMR2,,1
Conn_01x04_Socket,J11,JST_PH_S4B-PH-K_1x04_P2.00mm_Horizontal,,1
LED,D1,LED_0805_2012Metric,,1
10k,R1,R_0805_2012Metric,,1
10k,R7,R_0805_2012Metric,,1
10k,R3,R_0805_2012Metric,,1
10k,R5,R_0805_2012Metric,,1
0.1u,C1,C_0805_2012Metric,,1
PCA9685PW,U1,TSSOP-28_4.4x9.7mm_P0.65mm,,1
R_Small,R9,R_0805_2012Metric,,1
Conn_01x10_Socket,J1,JST_XH_S10B-XH-A_1x10_P2.50mm_Horizontal,,1
SW_DIP_x06,SW2,SW_DIP_SPSTx06_Slide_6.7x16.8mm_W8.61mm_P2.54mm_LowProfile,,1
R_Small,R10,R_0805_2012Metric,,1
LED,D2,LED_0805_2012Metric,,1
