Designator,Val,Package,Mid X,Mid Y,Rotation,Layer
C1,0.1u,C_0805_2012Metric,138.891124,-97.508075,-90.0,top
D1,LED,LED_0805_2012Metric,136.391124,-97.508075,-90.0,top
D2,LED,LED_0805_2012Metric,128.75,-104.25,0.0,top
H1,MountingHole,MountingHole_3.2mm_M3,125.75,-75.0,180.0,top
H2,MountingHole,MountingHole_3.2mm_M3,162.5,-75.0,0.0,top
H3,MountingHole,MountingHole_3.2mm_M3,125.75,-125.5,0.0,top
H4,MountingHole,MountingHole_3.2mm_M3,162.5,-125.5,0.0,top
J1,Conn_01x10_Socket,JST_XH_S10B-XH-A_1x10_P2.50mm_Horizontal,156.0,-105.508075,90.0,top
J10,Conn_01x04_Socket,JST_PH_S4B-PH-K_1x04_P2.00mm_Horizontal,129.45,-85.5,90.0,top
J11,Conn_01x04_Socket,JST_PH_S4B-PH-K_1x04_P2.00mm_Horizontal,158.8,-85.5,270.0,top
R1,10k,R_0805_2012Metric,128.75,-100.25,180.0,top
R10,R_Small,R_0805_2012Metric,126.0,-103.5,-90.0,top
R2,10k,R_0805_2012Metric,128.75,-102.25,0.0,top
R3,10k,R_0805_2012Metric,130.391124,-117.813075,90.0,top
R4,10k,R_0805_2012Metric,127.891124,-117.813075,90.0,top
R5,10k,R_0805_2012Metric,125.391124,-117.813075,90.0,top
R6,10k,R_0805_2012Metric,125.391124,-109.813075,-90.0,top
R7,10k,R_0805_2012Metric,127.891124,-109.813075,-90.0,top
R8,10k,R_0805_2012Metric,130.391124,-109.813075,-90.0,top
R9,R_Small,R_0805_2012Metric,134.0,-97.5,90.0,top
SW1,SW_Push,SW_Push_1P1T_NO_CK_KMR2,127.0,-94.9,180.0,top
SW2,SW_DIP_x06,SW_DIP_SPSTx06_Slide_6.7x16.8mm_W8.61mm_P2.54mm_LowProfile,140.661124,-113.813075,90.0,top
U1,PCA9685PW,TSSOP-28_4.4x9.7mm_P0.65mm,145.528624,-100.888075,90.0,top
U2,ATtiny85-20S,SOIC-8_5.3x5.3mm_P1.27mm,135.303624,-102.913075,270.0,top
